-- phpMyAdmin SQL Dump
-- version 5.2.1
-- https://www.phpmyadmin.net/
--
-- Host: 127.0.0.1
-- Generation Time: Apr 24, 2026 at 05:51 PM
-- Server version: 10.4.32-MariaDB
-- PHP Version: 8.2.12

SET SQL_MODE = "NO_AUTO_VALUE_ON_ZERO";
START TRANSACTION;
SET time_zone = "+00:00";


/*!40101 SET @OLD_CHARACTER_SET_CLIENT=@@CHARACTER_SET_CLIENT */;
/*!40101 SET @OLD_CHARACTER_SET_RESULTS=@@CHARACTER_SET_RESULTS */;
/*!40101 SET @OLD_COLLATION_CONNECTION=@@COLLATION_CONNECTION */;
/*!40101 SET NAMES utf8mb4 */;

--
-- Database: `quran_qb`
--

-- --------------------------------------------------------

--
-- Table structure for table `assessments`
--

CREATE TABLE `assessments` (
  `id` bigint(20) UNSIGNED NOT NULL,
  `class_group_id` bigint(20) UNSIGNED NOT NULL,
  `user_id` bigint(20) UNSIGNED NOT NULL,
  `assessment_type` enum('ziyadah','murojaah','tahsin','tilawah') NOT NULL,
  `data` longtext CHARACTER SET utf8mb4 COLLATE utf8mb4_bin DEFAULT NULL CHECK (json_valid(`data`)),
  `created_at` timestamp NULL DEFAULT NULL,
  `updated_at` timestamp NULL DEFAULT NULL
) ENGINE=InnoDB DEFAULT CHARSET=utf8mb4 COLLATE=utf8mb4_unicode_ci;

--
-- Dumping data for table `assessments`
--

INSERT INTO `assessments` (`id`, `class_group_id`, `user_id`, `assessment_type`, `data`, `created_at`, `updated_at`) VALUES
(1, 2, 3, 'ziyadah', '[{\"surah\":\"An-Nisa\'\",\"ayat\":\"1-10\",\"nilai\":\"L\"},{\"surah\":\"Al-Fatihah\",\"ayat\":\"1-7\",\"nilai\":\"C\"}]', '2026-04-24 06:50:42', '2026-04-24 06:50:42'),
(2, 4, 2, 'ziyadah', '[{\"surah\":\"Al-Fatihah\",\"ayat\":\"1-7\",\"nilai\":\"L\"},{\"surah\":\"Al-Baqarah\",\"ayat\":\"1-5\",\"nilai\":\"L\"}]', '2026-04-24 07:05:22', '2026-04-24 07:05:22');

-- --------------------------------------------------------

--
-- Table structure for table `attendances`
--

CREATE TABLE `attendances` (
  `id` bigint(20) UNSIGNED NOT NULL,
  `meeting_id` bigint(20) UNSIGNED NOT NULL,
  `user_id` bigint(20) UNSIGNED NOT NULL,
  `status` varchar(20) NOT NULL DEFAULT 'hadir',
  `created_at` timestamp NULL DEFAULT NULL,
  `updated_at` timestamp NULL DEFAULT NULL
) ENGINE=InnoDB DEFAULT CHARSET=utf8mb4 COLLATE=utf8mb4_unicode_ci;

-- --------------------------------------------------------

--
-- Table structure for table `cache`
--

CREATE TABLE `cache` (
  `key` varchar(255) NOT NULL,
  `value` mediumtext NOT NULL,
  `expiration` int(11) NOT NULL
) ENGINE=InnoDB DEFAULT CHARSET=utf8mb4 COLLATE=utf8mb4_unicode_ci;

--
-- Dumping data for table `cache`
--

INSERT INTO `cache` (`key`, `value`, `expiration`) VALUES
('pondok-as-syams-cache-livewire-rate-limiter:a17961fa74e9275d529f489537f179c05d50c2f3', 'i:1;', 1777045778),
('pondok-as-syams-cache-livewire-rate-limiter:a17961fa74e9275d529f489537f179c05d50c2f3:timer', 'i:1777045778;', 1777045778);

-- --------------------------------------------------------

--
-- Table structure for table `cache_locks`
--

CREATE TABLE `cache_locks` (
  `key` varchar(255) NOT NULL,
  `owner` varchar(255) NOT NULL,
  `expiration` int(11) NOT NULL
) ENGINE=InnoDB DEFAULT CHARSET=utf8mb4 COLLATE=utf8mb4_unicode_ci;

-- --------------------------------------------------------

--
-- Table structure for table `class_groups`
--

CREATE TABLE `class_groups` (
  `id` bigint(20) UNSIGNED NOT NULL,
  `name` varchar(255) NOT NULL,
  `slug` varchar(255) NOT NULL,
  `subject_id` bigint(20) UNSIGNED NOT NULL,
  `semester_id` bigint(20) UNSIGNED NOT NULL,
  `teacher_id` bigint(20) UNSIGNED DEFAULT NULL,
  `description` text DEFAULT NULL,
  `created_at` timestamp NULL DEFAULT NULL,
  `updated_at` timestamp NULL DEFAULT NULL
) ENGINE=InnoDB DEFAULT CHARSET=utf8mb4 COLLATE=utf8mb4_unicode_ci;

--
-- Dumping data for table `class_groups`
--

INSERT INTO `class_groups` (`id`, `name`, `slug`, `subject_id`, `semester_id`, `teacher_id`, `description`, `created_at`, `updated_at`) VALUES
(2, 'Tilawah A', 'tilawah-a', 1, 1, 1, NULL, '2026-04-24 06:01:57', '2026-04-24 06:01:57'),
(3, 'Tilawah B', 'tilawah-b', 1, 1, 1, NULL, '2026-04-24 06:55:33', '2026-04-24 06:55:33'),
(4, 'Tilawah C', 'tilawah-c', 1, 1, 7, NULL, '2026-04-24 07:02:39', '2026-04-24 07:02:39');

-- --------------------------------------------------------

--
-- Table structure for table `class_group_student`
--

CREATE TABLE `class_group_student` (
  `id` bigint(20) UNSIGNED NOT NULL,
  `class_group_id` bigint(20) UNSIGNED NOT NULL,
  `user_id` bigint(20) UNSIGNED NOT NULL,
  `joined_at` timestamp NULL DEFAULT NULL,
  `deleted_at` timestamp NULL DEFAULT NULL,
  `created_at` timestamp NULL DEFAULT NULL,
  `updated_at` timestamp NULL DEFAULT NULL
) ENGINE=InnoDB DEFAULT CHARSET=utf8mb4 COLLATE=utf8mb4_unicode_ci;

--
-- Dumping data for table `class_group_student`
--

INSERT INTO `class_group_student` (`id`, `class_group_id`, `user_id`, `joined_at`, `deleted_at`, `created_at`, `updated_at`) VALUES
(1, 2, 3, '2026-04-24 06:29:35', NULL, '2026-04-24 06:29:45', '2026-04-24 06:29:45'),
(2, 3, 2, '2026-04-24 06:55:52', NULL, '2026-04-24 06:56:06', '2026-04-24 06:56:06'),
(3, 3, 6, '2026-04-24 06:56:18', NULL, '2026-04-24 06:56:29', '2026-04-24 06:56:29'),
(4, 4, 2, '2026-04-24 07:02:55', NULL, '2026-04-24 07:03:08', '2026-04-24 07:03:08');

-- --------------------------------------------------------

--
-- Table structure for table `evaluations`
--

CREATE TABLE `evaluations` (
  `id` bigint(20) UNSIGNED NOT NULL,
  `class_group_id` bigint(20) UNSIGNED NOT NULL,
  `user_id` bigint(20) UNSIGNED NOT NULL,
  `evaluation_number` int(11) NOT NULL,
  `items` longtext CHARACTER SET utf8mb4 COLLATE utf8mb4_bin DEFAULT NULL CHECK (json_valid(`items`)),
  `created_at` timestamp NULL DEFAULT NULL,
  `updated_at` timestamp NULL DEFAULT NULL
) ENGINE=InnoDB DEFAULT CHARSET=utf8mb4 COLLATE=utf8mb4_unicode_ci;

--
-- Dumping data for table `evaluations`
--

INSERT INTO `evaluations` (`id`, `class_group_id`, `user_id`, `evaluation_number`, `items`, `created_at`, `updated_at`) VALUES
(1, 2, 3, 1, '[{\"name\":\"x\",\"checked\":true,\"score\":\"1\"}]', '2026-04-24 07:44:43', '2026-04-24 07:44:43');

-- --------------------------------------------------------

--
-- Table structure for table `failed_jobs`
--

CREATE TABLE `failed_jobs` (
  `id` bigint(20) UNSIGNED NOT NULL,
  `uuid` varchar(255) NOT NULL,
  `connection` text NOT NULL,
  `queue` text NOT NULL,
  `payload` longtext NOT NULL,
  `exception` longtext NOT NULL,
  `failed_at` timestamp NOT NULL DEFAULT current_timestamp()
) ENGINE=InnoDB DEFAULT CHARSET=utf8mb4 COLLATE=utf8mb4_unicode_ci;

-- --------------------------------------------------------

--
-- Table structure for table `grades`
--

CREATE TABLE `grades` (
  `id` bigint(20) UNSIGNED NOT NULL,
  `user_id` bigint(20) UNSIGNED NOT NULL,
  `subject_id` bigint(20) UNSIGNED NOT NULL,
  `semester_id` bigint(20) UNSIGNED NOT NULL,
  `score` int(11) NOT NULL DEFAULT 0,
  `notes` text DEFAULT NULL,
  `created_at` timestamp NULL DEFAULT NULL,
  `updated_at` timestamp NULL DEFAULT NULL
) ENGINE=InnoDB DEFAULT CHARSET=utf8mb4 COLLATE=utf8mb4_unicode_ci;

-- --------------------------------------------------------

--
-- Table structure for table `jobs`
--

CREATE TABLE `jobs` (
  `id` bigint(20) UNSIGNED NOT NULL,
  `queue` varchar(255) NOT NULL,
  `payload` longtext NOT NULL,
  `attempts` tinyint(3) UNSIGNED NOT NULL,
  `reserved_at` int(10) UNSIGNED DEFAULT NULL,
  `available_at` int(10) UNSIGNED NOT NULL,
  `created_at` int(10) UNSIGNED NOT NULL
) ENGINE=InnoDB DEFAULT CHARSET=utf8mb4 COLLATE=utf8mb4_unicode_ci;

-- --------------------------------------------------------

--
-- Table structure for table `job_batches`
--

CREATE TABLE `job_batches` (
  `id` varchar(255) NOT NULL,
  `name` varchar(255) NOT NULL,
  `total_jobs` int(11) NOT NULL,
  `pending_jobs` int(11) NOT NULL,
  `failed_jobs` int(11) NOT NULL,
  `failed_job_ids` longtext NOT NULL,
  `options` mediumtext DEFAULT NULL,
  `cancelled_at` int(11) DEFAULT NULL,
  `created_at` int(11) NOT NULL,
  `finished_at` int(11) DEFAULT NULL
) ENGINE=InnoDB DEFAULT CHARSET=utf8mb4 COLLATE=utf8mb4_unicode_ci;

-- --------------------------------------------------------

--
-- Table structure for table `meetings`
--

CREATE TABLE `meetings` (
  `id` bigint(20) UNSIGNED NOT NULL,
  `class_group_id` bigint(20) UNSIGNED NOT NULL,
  `user_id` bigint(20) UNSIGNED NOT NULL,
  `title` varchar(255) NOT NULL,
  `date` date NOT NULL,
  `created_at` timestamp NULL DEFAULT NULL,
  `updated_at` timestamp NULL DEFAULT NULL
) ENGINE=InnoDB DEFAULT CHARSET=utf8mb4 COLLATE=utf8mb4_unicode_ci;

-- --------------------------------------------------------

--
-- Table structure for table `migrations`
--

CREATE TABLE `migrations` (
  `id` int(10) UNSIGNED NOT NULL,
  `migration` varchar(255) NOT NULL,
  `batch` int(11) NOT NULL
) ENGINE=InnoDB DEFAULT CHARSET=utf8mb4 COLLATE=utf8mb4_unicode_ci;

--
-- Dumping data for table `migrations`
--

INSERT INTO `migrations` (`id`, `migration`, `batch`) VALUES
(1, '0001_01_01_000000_create_users_table', 1),
(2, '0001_01_01_000001_create_cache_table', 1),
(3, '0001_01_01_000002_create_jobs_table', 1),
(4, '2025_11_24_202618_create_semesters_table', 1),
(5, '2025_11_24_202619_create_subjects_table', 1),
(6, '2025_11_24_202620_create_meetings_table', 1),
(7, '2025_11_24_202622_create_attendances_table', 1),
(8, '2025_11_24_202623_create_grades_table', 1),
(9, '2025_11_24_202623_create_payments_table', 1),
(10, '2025_11_24_202625_create_site_settings_table', 1),
(11, '2025_11_25_141406_add_student_details_to_users_table', 2),
(12, '2025_11_25_144646_add_gender_to_users_table', 3),
(13, '2025_11_25_150354_create_posts_table', 4),
(14, '2025_01_01_000000_create_class_groups_table', 5),
(15, '2025_01_01_000001_create_assessments_table', 5),
(16, '2025_01_01_000002_create_evaluations_table', 5),
(17, '2026_04_24_142900_rename_subject_id_to_class_group_id_in_meetings_table', 6);

-- --------------------------------------------------------

--
-- Table structure for table `password_reset_tokens`
--

CREATE TABLE `password_reset_tokens` (
  `email` varchar(255) NOT NULL,
  `token` varchar(255) NOT NULL,
  `created_at` timestamp NULL DEFAULT NULL
) ENGINE=InnoDB DEFAULT CHARSET=utf8mb4 COLLATE=utf8mb4_unicode_ci;

-- --------------------------------------------------------

--
-- Table structure for table `payments`
--

CREATE TABLE `payments` (
  `id` bigint(20) UNSIGNED NOT NULL,
  `order_id` varchar(255) NOT NULL,
  `user_id` bigint(20) UNSIGNED NOT NULL,
  `semester_id` bigint(20) UNSIGNED NOT NULL,
  `amount` decimal(15,2) NOT NULL,
  `status` varchar(255) NOT NULL DEFAULT 'pending',
  `snap_token` varchar(255) DEFAULT NULL,
  `payment_type` varchar(255) DEFAULT NULL,
  `payment_detail` longtext CHARACTER SET utf8mb4 COLLATE utf8mb4_bin DEFAULT NULL CHECK (json_valid(`payment_detail`)),
  `created_at` timestamp NULL DEFAULT NULL,
  `updated_at` timestamp NULL DEFAULT NULL
) ENGINE=InnoDB DEFAULT CHARSET=utf8mb4 COLLATE=utf8mb4_unicode_ci;

--
-- Dumping data for table `payments`
--

INSERT INTO `payments` (`id`, `order_id`, `user_id`, `semester_id`, `amount`, `status`, `snap_token`, `payment_type`, `payment_detail`, `created_at`, `updated_at`) VALUES
(1, 'SPP-2-1764066073', 2, 1, 500000.00, 'success', 'e6bd4621-63ac-4d51-b919-ff8f9b157151', NULL, NULL, '2025-11-25 03:21:13', '2025-11-25 03:22:06'),
(2, 'SPP-1-1764077557', 1, 1, 500000.00, 'success', '5543f92d-3112-46bb-bff9-662a82850531', NULL, NULL, '2025-11-25 06:32:37', '2025-11-25 06:33:19'),
(4, 'SPP-6-1764139456', 6, 1, 500000.00, 'success', '25733925-1831-4534-b3a2-60f38bab690a', NULL, NULL, '2025-11-26 06:44:16', '2025-11-26 06:44:59');

-- --------------------------------------------------------

--
-- Table structure for table `posts`
--

CREATE TABLE `posts` (
  `id` bigint(20) UNSIGNED NOT NULL,
  `user_id` bigint(20) UNSIGNED NOT NULL,
  `title` varchar(255) NOT NULL,
  `slug` varchar(255) NOT NULL,
  `category` varchar(255) NOT NULL DEFAULT 'Pendidikan',
  `content` text NOT NULL,
  `image` varchar(255) DEFAULT NULL,
  `image_caption` varchar(255) DEFAULT NULL,
  `published_at` date DEFAULT NULL,
  `is_published` tinyint(1) NOT NULL DEFAULT 1,
  `views` bigint(20) UNSIGNED NOT NULL DEFAULT 0,
  `created_at` timestamp NULL DEFAULT NULL,
  `updated_at` timestamp NULL DEFAULT NULL
) ENGINE=InnoDB DEFAULT CHARSET=utf8mb4 COLLATE=utf8mb4_unicode_ci;

--
-- Dumping data for table `posts`
--

INSERT INTO `posts` (`id`, `user_id`, `title`, `slug`, `category`, `content`, `image`, `image_caption`, `published_at`, `is_published`, `views`, `created_at`, `updated_at`) VALUES
(2, 1, 'asdasda', 'asdasda', 'Pendidikan', '<p>asdasdasd<strong>aasdasd</strong><strong><em>asdasdas</em></strong><strong><em><del>asasdasadasdasdasdasdasd</del></em></strong></p>', 'posts/01KPZAMWM7X2V5GJG5N3435HHJ.png', 'asd', '2026-04-24', 1, 0, '2026-04-24 08:45:34', '2026-04-24 08:45:34');

-- --------------------------------------------------------

--
-- Table structure for table `semesters`
--

CREATE TABLE `semesters` (
  `id` bigint(20) UNSIGNED NOT NULL,
  `name` varchar(255) NOT NULL,
  `start_date` date NOT NULL,
  `end_date` date NOT NULL,
  `is_active` tinyint(1) NOT NULL DEFAULT 0,
  `tuition_fee` decimal(15,2) NOT NULL DEFAULT 0.00,
  `created_at` timestamp NULL DEFAULT NULL,
  `updated_at` timestamp NULL DEFAULT NULL
) ENGINE=InnoDB DEFAULT CHARSET=utf8mb4 COLLATE=utf8mb4_unicode_ci;

--
-- Dumping data for table `semesters`
--

INSERT INTO `semesters` (`id`, `name`, `start_date`, `end_date`, `is_active`, `tuition_fee`, `created_at`, `updated_at`) VALUES
(1, 'Ganjil 2025/2026', '2025-11-25', '2026-05-11', 1, 500000.00, '2025-11-24 13:46:01', '2025-11-24 13:46:01');

-- --------------------------------------------------------

--
-- Table structure for table `sessions`
--

CREATE TABLE `sessions` (
  `id` varchar(255) NOT NULL,
  `user_id` bigint(20) UNSIGNED DEFAULT NULL,
  `ip_address` varchar(45) DEFAULT NULL,
  `user_agent` text DEFAULT NULL,
  `payload` longtext NOT NULL,
  `last_activity` int(11) NOT NULL
) ENGINE=InnoDB DEFAULT CHARSET=utf8mb4 COLLATE=utf8mb4_unicode_ci;

--
-- Dumping data for table `sessions`
--

INSERT INTO `sessions` (`id`, `user_id`, `ip_address`, `user_agent`, `payload`, `last_activity`) VALUES
('3QYliS1utOtC5trs4JAQKsFLeikzP2d671dCsuWy', 1, '127.0.0.1', 'Mozilla/5.0 (Windows NT 10.0; Win64; x64; rv:149.0) Gecko/20100101 Firefox/149.0', 'YTo3OntzOjY6Il90b2tlbiI7czo0MDoiZUVDSlQ5NWZUcG5sN3lwQzcyaWdSaTZBOHF0bnl0QjlmbkM3aXJ4RCI7czo5OiJfcHJldmlvdXMiO2E6Mjp7czozOiJ1cmwiO3M6MjE6Imh0dHA6Ly9sb2NhbGhvc3Q6ODAwMCI7czo1OiJyb3V0ZSI7Tjt9czo2OiJfZmxhc2giO2E6Mjp7czozOiJvbGQiO2E6MDp7fXM6MzoibmV3IjthOjA6e319czo1MDoibG9naW5fd2ViXzU5YmEzNmFkZGMyYjJmOTQwMTU4MGYwMTRjN2Y1OGVhNGUzMDk4OWQiO2k6MTtzOjE3OiJwYXNzd29yZF9oYXNoX3dlYiI7czo2MDoiJDJ5JDEyJE5VRjlwSHhPSTVmYk0xZmFZT05ESU9sbDlZd0w0M2duOGFTbUg0U2pwcDRJelE5OHZ2T3J5IjtzOjg6ImZpbGFtZW50IjthOjA6e31zOjY6InRhYmxlcyI7YToxOntzOjMxOiJMaXN0Q2xhc3NHcm91cHNfdG9nZ2xlZF9jb2x1bW5zIjthOjE6e3M6MTA6ImNyZWF0ZWRfYXQiO2I6MDt9fX0=', 1777021123),
('rlKawxUSmEKQnlDUUjXF6I112mp17zRRPjiAh9i4', 1, '127.0.0.1', 'Mozilla/5.0 (Windows NT 10.0; Win64; x64; rv:150.0) Gecko/20100101 Firefox/150.0', 'YTo1OntzOjY6Il90b2tlbiI7czo0MDoiUDF2S0RUeklFMGxEdWo1dmRGSk96cnZJOG5IMzJKNmJENDRzdFlINSI7czo5OiJfcHJldmlvdXMiO2E6Mjp7czozOiJ1cmwiO3M6MzM6Imh0dHA6Ly9sb2NhbGhvc3Q6ODAwMC9hZG1pbi91c2VycyI7czo1OiJyb3V0ZSI7czozNjoiZmlsYW1lbnQuYWRtaW4ucmVzb3VyY2VzLnVzZXJzLmluZGV4Ijt9czo2OiJfZmxhc2giO2E6Mjp7czozOiJvbGQiO2E6MDp7fXM6MzoibmV3IjthOjA6e319czo1MDoibG9naW5fd2ViXzU5YmEzNmFkZGMyYjJmOTQwMTU4MGYwMTRjN2Y1OGVhNGUzMDk4OWQiO2k6MTtzOjE3OiJwYXNzd29yZF9oYXNoX3dlYiI7czo2MDoiJDJ5JDEyJE5VRjlwSHhPSTVmYk0xZmFZT05ESU9sbDlZd0w0M2duOGFTbUg0U2pwcDRJelE5OHZ2T3J5Ijt9', 1777045741);

-- --------------------------------------------------------

--
-- Table structure for table `site_settings`
--

CREATE TABLE `site_settings` (
  `id` bigint(20) UNSIGNED NOT NULL,
  `key` varchar(255) NOT NULL,
  `value` text DEFAULT NULL,
  `created_at` timestamp NULL DEFAULT NULL,
  `updated_at` timestamp NULL DEFAULT NULL
) ENGINE=InnoDB DEFAULT CHARSET=utf8mb4 COLLATE=utf8mb4_unicode_ci;

--
-- Dumping data for table `site_settings`
--

INSERT INTO `site_settings` (`id`, `key`, `value`, `created_at`, `updated_at`) VALUES
(1, 'hero_bg', 'settings/01KAZCZHNF6N67M7XD0NC51C5K.jpeg', '2025-11-25 06:21:29', '2025-11-26 06:17:59'),
(2, 'bg_footer', 'settings/01KAZD0NWFGAK1D09FWPMQE2WA.jpeg', '2025-11-25 07:03:14', '2025-11-26 06:18:36');

-- --------------------------------------------------------

--
-- Table structure for table `subjects`
--

CREATE TABLE `subjects` (
  `id` bigint(20) UNSIGNED NOT NULL,
  `name` varchar(255) NOT NULL,
  `slug` varchar(255) NOT NULL,
  `created_at` timestamp NULL DEFAULT NULL,
  `updated_at` timestamp NULL DEFAULT NULL
) ENGINE=InnoDB DEFAULT CHARSET=utf8mb4 COLLATE=utf8mb4_unicode_ci;

--
-- Dumping data for table `subjects`
--

INSERT INTO `subjects` (`id`, `name`, `slug`, `created_at`, `updated_at`) VALUES
(1, 'Tilawah', 'tilawah', '2025-11-24 13:49:37', '2025-11-24 13:49:37'),
(2, 'Murottal', 'murottal', '2025-11-25 01:42:25', '2025-11-25 01:42:25'),
(4, 'Tahsin', 'tahsin', '2025-11-26 06:36:00', '2025-11-26 06:36:00'),
(5, 'Tahfidz', 'tahfidz', '2026-04-24 05:41:27', '2026-04-24 05:41:27');

-- --------------------------------------------------------

--
-- Table structure for table `users`
--

CREATE TABLE `users` (
  `id` bigint(20) UNSIGNED NOT NULL,
  `name` varchar(255) NOT NULL,
  `gender` enum('L','P') DEFAULT NULL,
  `email` varchar(255) NOT NULL,
  `email_verified_at` timestamp NULL DEFAULT NULL,
  `password` varchar(255) NOT NULL,
  `role` enum('superadmin','admin','student') NOT NULL DEFAULT 'student',
  `nisn` varchar(255) DEFAULT NULL,
  `phone` varchar(255) DEFAULT NULL,
  `address` text DEFAULT NULL,
  `is_active` tinyint(1) NOT NULL DEFAULT 0,
  `remember_token` varchar(100) DEFAULT NULL,
  `created_at` timestamp NULL DEFAULT NULL,
  `updated_at` timestamp NULL DEFAULT NULL,
  `grade_level` varchar(255) DEFAULT NULL,
  `birth_date` date DEFAULT NULL,
  `mother_name` varchar(255) DEFAULT NULL,
  `school_origin` varchar(255) DEFAULT NULL
) ENGINE=InnoDB DEFAULT CHARSET=utf8mb4 COLLATE=utf8mb4_unicode_ci;

--
-- Dumping data for table `users`
--

INSERT INTO `users` (`id`, `name`, `gender`, `email`, `email_verified_at`, `password`, `role`, `nisn`, `phone`, `address`, `is_active`, `remember_token`, `created_at`, `updated_at`, `grade_level`, `birth_date`, `mother_name`, `school_origin`) VALUES
(1, 'admin', NULL, 'assyams@quran.id', NULL, '$2y$12$NUF9pHxOI5fbM1faYONDIOll9YwL43gn8aSmH4Sjpp4IzQ98vvOry', 'superadmin', NULL, NULL, NULL, 1, NULL, '2025-11-24 13:43:15', '2025-11-25 01:15:36', NULL, NULL, NULL, NULL),
(2, 'Fiki Firmansyah', NULL, 'fikifirmansyah22@gmail.com', NULL, '$2y$12$Sao8k8MOSfBFe/1hfzgE6uSVjak41FunRELssKjtz7q/5E6AlLL3a', 'student', '220401211', '0822123456', NULL, 1, NULL, '2025-11-25 01:48:22', '2025-11-25 01:48:22', NULL, NULL, NULL, NULL),
(3, 'Adryan Mahaputra', NULL, 'adriyanmahaputra22@gmail.com', NULL, '$2y$12$ded4SRAkJgDFIsZgKj3Ceu7obuJf7vuTwJKdJeBPoTJCPM0lJz2Jq', 'student', NULL, NULL, NULL, 1, NULL, '2025-11-25 06:56:00', '2025-11-25 06:56:46', NULL, NULL, NULL, NULL),
(6, 'ridho irawan', 'L', 'ridho123@gmail.com', NULL, '$2y$12$tTy.2tglIHwaiSPugDhbuOv.6YFJxbHu5MEijRJy4LP0Ns6k2XEY2', 'student', '2233665409', '087766554432', 'jl berdikari', 1, NULL, '2025-11-26 06:42:27', '2025-11-26 06:43:19', 'SDIT', '2004-02-20', 'lora', 'SD tadika mesra'),
(7, 'Ust. ERWIN', 'L', 'erwin22@gmail.com', NULL, '$2y$12$sgtQd3FdwF2nv8b3Fqroxeo1h67arr1H5ysR9YTV/otNRSGOmWDau', 'admin', NULL, '98989888989898', 'optii', 1, NULL, '2026-04-24 07:01:13', '2026-04-24 07:01:13', NULL, NULL, NULL, NULL);

--
-- Indexes for dumped tables
--

--
-- Indexes for table `assessments`
--
ALTER TABLE `assessments`
  ADD PRIMARY KEY (`id`),
  ADD UNIQUE KEY `assessments_class_group_id_user_id_assessment_type_unique` (`class_group_id`,`user_id`,`assessment_type`),
  ADD KEY `assessments_user_id_foreign` (`user_id`);

--
-- Indexes for table `attendances`
--
ALTER TABLE `attendances`
  ADD PRIMARY KEY (`id`),
  ADD KEY `attendances_meeting_id_foreign` (`meeting_id`),
  ADD KEY `attendances_user_id_foreign` (`user_id`);

--
-- Indexes for table `cache`
--
ALTER TABLE `cache`
  ADD PRIMARY KEY (`key`);

--
-- Indexes for table `cache_locks`
--
ALTER TABLE `cache_locks`
  ADD PRIMARY KEY (`key`);

--
-- Indexes for table `class_groups`
--
ALTER TABLE `class_groups`
  ADD PRIMARY KEY (`id`),
  ADD UNIQUE KEY `class_groups_slug_unique` (`slug`),
  ADD KEY `class_groups_subject_id_foreign` (`subject_id`),
  ADD KEY `class_groups_semester_id_foreign` (`semester_id`),
  ADD KEY `class_groups_teacher_id_foreign` (`teacher_id`);

--
-- Indexes for table `class_group_student`
--
ALTER TABLE `class_group_student`
  ADD PRIMARY KEY (`id`),
  ADD UNIQUE KEY `class_group_student_class_group_id_user_id_unique` (`class_group_id`,`user_id`),
  ADD KEY `class_group_student_user_id_foreign` (`user_id`);

--
-- Indexes for table `evaluations`
--
ALTER TABLE `evaluations`
  ADD PRIMARY KEY (`id`),
  ADD UNIQUE KEY `evaluations_class_group_id_user_id_evaluation_number_unique` (`class_group_id`,`user_id`,`evaluation_number`),
  ADD KEY `evaluations_user_id_foreign` (`user_id`);

--
-- Indexes for table `failed_jobs`
--
ALTER TABLE `failed_jobs`
  ADD PRIMARY KEY (`id`),
  ADD UNIQUE KEY `failed_jobs_uuid_unique` (`uuid`);

--
-- Indexes for table `grades`
--
ALTER TABLE `grades`
  ADD PRIMARY KEY (`id`),
  ADD KEY `grades_user_id_foreign` (`user_id`),
  ADD KEY `grades_subject_id_foreign` (`subject_id`),
  ADD KEY `grades_semester_id_foreign` (`semester_id`);

--
-- Indexes for table `jobs`
--
ALTER TABLE `jobs`
  ADD PRIMARY KEY (`id`),
  ADD KEY `jobs_queue_index` (`queue`);

--
-- Indexes for table `job_batches`
--
ALTER TABLE `job_batches`
  ADD PRIMARY KEY (`id`);

--
-- Indexes for table `meetings`
--
ALTER TABLE `meetings`
  ADD PRIMARY KEY (`id`),
  ADD KEY `meetings_user_id_foreign` (`user_id`),
  ADD KEY `meetings_class_group_id_foreign` (`class_group_id`);

--
-- Indexes for table `migrations`
--
ALTER TABLE `migrations`
  ADD PRIMARY KEY (`id`);

--
-- Indexes for table `password_reset_tokens`
--
ALTER TABLE `password_reset_tokens`
  ADD PRIMARY KEY (`email`);

--
-- Indexes for table `payments`
--
ALTER TABLE `payments`
  ADD PRIMARY KEY (`id`),
  ADD UNIQUE KEY `payments_order_id_unique` (`order_id`),
  ADD KEY `payments_user_id_foreign` (`user_id`),
  ADD KEY `payments_semester_id_foreign` (`semester_id`);

--
-- Indexes for table `posts`
--
ALTER TABLE `posts`
  ADD PRIMARY KEY (`id`),
  ADD UNIQUE KEY `posts_slug_unique` (`slug`),
  ADD KEY `posts_user_id_foreign` (`user_id`);

--
-- Indexes for table `semesters`
--
ALTER TABLE `semesters`
  ADD PRIMARY KEY (`id`);

--
-- Indexes for table `sessions`
--
ALTER TABLE `sessions`
  ADD PRIMARY KEY (`id`),
  ADD KEY `sessions_user_id_index` (`user_id`),
  ADD KEY `sessions_last_activity_index` (`last_activity`);

--
-- Indexes for table `site_settings`
--
ALTER TABLE `site_settings`
  ADD PRIMARY KEY (`id`),
  ADD UNIQUE KEY `site_settings_key_unique` (`key`);

--
-- Indexes for table `subjects`
--
ALTER TABLE `subjects`
  ADD PRIMARY KEY (`id`),
  ADD UNIQUE KEY `subjects_slug_unique` (`slug`);

--
-- Indexes for table `users`
--
ALTER TABLE `users`
  ADD PRIMARY KEY (`id`),
  ADD UNIQUE KEY `users_email_unique` (`email`),
  ADD UNIQUE KEY `users_nisn_unique` (`nisn`);

--
-- AUTO_INCREMENT for dumped tables
--

--
-- AUTO_INCREMENT for table `assessments`
--
ALTER TABLE `assessments`
  MODIFY `id` bigint(20) UNSIGNED NOT NULL AUTO_INCREMENT, AUTO_INCREMENT=3;

--
-- AUTO_INCREMENT for table `attendances`
--
ALTER TABLE `attendances`
  MODIFY `id` bigint(20) UNSIGNED NOT NULL AUTO_INCREMENT, AUTO_INCREMENT=8;

--
-- AUTO_INCREMENT for table `class_groups`
--
ALTER TABLE `class_groups`
  MODIFY `id` bigint(20) UNSIGNED NOT NULL AUTO_INCREMENT, AUTO_INCREMENT=5;

--
-- AUTO_INCREMENT for table `class_group_student`
--
ALTER TABLE `class_group_student`
  MODIFY `id` bigint(20) UNSIGNED NOT NULL AUTO_INCREMENT, AUTO_INCREMENT=5;

--
-- AUTO_INCREMENT for table `evaluations`
--
ALTER TABLE `evaluations`
  MODIFY `id` bigint(20) UNSIGNED NOT NULL AUTO_INCREMENT, AUTO_INCREMENT=2;

--
-- AUTO_INCREMENT for table `failed_jobs`
--
ALTER TABLE `failed_jobs`
  MODIFY `id` bigint(20) UNSIGNED NOT NULL AUTO_INCREMENT;

--
-- AUTO_INCREMENT for table `grades`
--
ALTER TABLE `grades`
  MODIFY `id` bigint(20) UNSIGNED NOT NULL AUTO_INCREMENT, AUTO_INCREMENT=3;

--
-- AUTO_INCREMENT for table `jobs`
--
ALTER TABLE `jobs`
  MODIFY `id` bigint(20) UNSIGNED NOT NULL AUTO_INCREMENT;

--
-- AUTO_INCREMENT for table `meetings`
--
ALTER TABLE `meetings`
  MODIFY `id` bigint(20) UNSIGNED NOT NULL AUTO_INCREMENT, AUTO_INCREMENT=8;

--
-- AUTO_INCREMENT for table `migrations`
--
ALTER TABLE `migrations`
  MODIFY `id` int(10) UNSIGNED NOT NULL AUTO_INCREMENT, AUTO_INCREMENT=18;

--
-- AUTO_INCREMENT for table `payments`
--
ALTER TABLE `payments`
  MODIFY `id` bigint(20) UNSIGNED NOT NULL AUTO_INCREMENT, AUTO_INCREMENT=5;

--
-- AUTO_INCREMENT for table `posts`
--
ALTER TABLE `posts`
  MODIFY `id` bigint(20) UNSIGNED NOT NULL AUTO_INCREMENT, AUTO_INCREMENT=3;

--
-- AUTO_INCREMENT for table `semesters`
--
ALTER TABLE `semesters`
  MODIFY `id` bigint(20) UNSIGNED NOT NULL AUTO_INCREMENT, AUTO_INCREMENT=2;

--
-- AUTO_INCREMENT for table `site_settings`
--
ALTER TABLE `site_settings`
  MODIFY `id` bigint(20) UNSIGNED NOT NULL AUTO_INCREMENT, AUTO_INCREMENT=3;

--
-- AUTO_INCREMENT for table `subjects`
--
ALTER TABLE `subjects`
  MODIFY `id` bigint(20) UNSIGNED NOT NULL AUTO_INCREMENT, AUTO_INCREMENT=6;

--
-- AUTO_INCREMENT for table `users`
--
ALTER TABLE `users`
  MODIFY `id` bigint(20) UNSIGNED NOT NULL AUTO_INCREMENT, AUTO_INCREMENT=8;

--
-- Constraints for dumped tables
--

--
-- Constraints for table `assessments`
--
ALTER TABLE `assessments`
  ADD CONSTRAINT `assessments_class_group_id_foreign` FOREIGN KEY (`class_group_id`) REFERENCES `class_groups` (`id`) ON DELETE CASCADE,
  ADD CONSTRAINT `assessments_user_id_foreign` FOREIGN KEY (`user_id`) REFERENCES `users` (`id`) ON DELETE CASCADE;

--
-- Constraints for table `attendances`
--
ALTER TABLE `attendances`
  ADD CONSTRAINT `attendances_meeting_id_foreign` FOREIGN KEY (`meeting_id`) REFERENCES `meetings` (`id`) ON DELETE CASCADE,
  ADD CONSTRAINT `attendances_user_id_foreign` FOREIGN KEY (`user_id`) REFERENCES `users` (`id`) ON DELETE CASCADE;

--
-- Constraints for table `class_groups`
--
ALTER TABLE `class_groups`
  ADD CONSTRAINT `class_groups_semester_id_foreign` FOREIGN KEY (`semester_id`) REFERENCES `semesters` (`id`) ON DELETE CASCADE,
  ADD CONSTRAINT `class_groups_subject_id_foreign` FOREIGN KEY (`subject_id`) REFERENCES `subjects` (`id`) ON DELETE CASCADE,
  ADD CONSTRAINT `class_groups_teacher_id_foreign` FOREIGN KEY (`teacher_id`) REFERENCES `users` (`id`) ON DELETE SET NULL;

--
-- Constraints for table `class_group_student`
--
ALTER TABLE `class_group_student`
  ADD CONSTRAINT `class_group_student_class_group_id_foreign` FOREIGN KEY (`class_group_id`) REFERENCES `class_groups` (`id`) ON DELETE CASCADE,
  ADD CONSTRAINT `class_group_student_user_id_foreign` FOREIGN KEY (`user_id`) REFERENCES `users` (`id`) ON DELETE CASCADE;

--
-- Constraints for table `evaluations`
--
ALTER TABLE `evaluations`
  ADD CONSTRAINT `evaluations_class_group_id_foreign` FOREIGN KEY (`class_group_id`) REFERENCES `class_groups` (`id`) ON DELETE CASCADE,
  ADD CONSTRAINT `evaluations_user_id_foreign` FOREIGN KEY (`user_id`) REFERENCES `users` (`id`) ON DELETE CASCADE;

--
-- Constraints for table `grades`
--
ALTER TABLE `grades`
  ADD CONSTRAINT `grades_semester_id_foreign` FOREIGN KEY (`semester_id`) REFERENCES `semesters` (`id`) ON DELETE CASCADE,
  ADD CONSTRAINT `grades_subject_id_foreign` FOREIGN KEY (`subject_id`) REFERENCES `subjects` (`id`) ON DELETE CASCADE,
  ADD CONSTRAINT `grades_user_id_foreign` FOREIGN KEY (`user_id`) REFERENCES `users` (`id`) ON DELETE CASCADE;

--
-- Constraints for table `meetings`
--
ALTER TABLE `meetings`
  ADD CONSTRAINT `meetings_class_group_id_foreign` FOREIGN KEY (`class_group_id`) REFERENCES `class_groups` (`id`) ON DELETE CASCADE,
  ADD CONSTRAINT `meetings_user_id_foreign` FOREIGN KEY (`user_id`) REFERENCES `users` (`id`) ON DELETE CASCADE;

--
-- Constraints for table `payments`
--
ALTER TABLE `payments`
  ADD CONSTRAINT `payments_semester_id_foreign` FOREIGN KEY (`semester_id`) REFERENCES `semesters` (`id`) ON DELETE CASCADE,
  ADD CONSTRAINT `payments_user_id_foreign` FOREIGN KEY (`user_id`) REFERENCES `users` (`id`) ON DELETE CASCADE;

--
-- Constraints for table `posts`
--
ALTER TABLE `posts`
  ADD CONSTRAINT `posts_user_id_foreign` FOREIGN KEY (`user_id`) REFERENCES `users` (`id`) ON DELETE CASCADE;
COMMIT;

/*!40101 SET CHARACTER_SET_CLIENT=@OLD_CHARACTER_SET_CLIENT */;
/*!40101 SET CHARACTER_SET_RESULTS=@OLD_CHARACTER_SET_RESULTS */;
/*!40101 SET COLLATION_CONNECTION=@OLD_COLLATION_CONNECTION */;
